-- Insert at least 15 new employees:

---- Employee table
---- At least 3 employees have the same name.
INSERT INTO employees (emp_no, birth_date, first_name, last_name, gender, hire_date) VALUES 
(1, '1994-08-20' - INTERVAL FLOOR(RAND() * 1825) DAY, 'Maribel', 'Serafina Elizondo', 'M', CURRENT_DATE - INTERVAL FLOOR(RAND() * 1825) DAY),
(2, '1994-08-20' - INTERVAL FLOOR(RAND() * 1825) DAY, 'Maribel', 'Chuy Barros', 'F', CURRENT_DATE - INTERVAL FLOOR(RAND() * 1825) DAY),
(3, '1994-08-20' - INTERVAL FLOOR(RAND() * 1825) DAY, 'Maribel', 'Delia Pantoja', 'M', CURRENT_DATE - INTERVAL FLOOR(RAND() * 1825) DAY),
(4, '1994-08-20' - INTERVAL FLOOR(RAND() * 1825) DAY, 'Sara', 'Rayen Mata', 'M', CURRENT_DATE - INTERVAL FLOOR(RAND() * 1825) DAY),
(5, '1994-08-20' - INTERVAL FLOOR(RAND() * 1825) DAY, 'Venceslás', 'Vinicio Domínguez', 'F', CURRENT_DATE - INTERVAL FLOOR(RAND() * 1825) DAY),
(7, '1994-08-20' - INTERVAL FLOOR(RAND() * 1825) DAY, 'María', 'Paula Zamorano', 'F', CURRENT_DATE - INTERVAL FLOOR(RAND() * 1825) DAY),
(6, '1994-08-20' - INTERVAL FLOOR(RAND() * 1825) DAY, 'María', 'Domínguez Lozano', 'F', CURRENT_DATE - INTERVAL FLOOR(RAND() * 1825) DAY),
(8, '1994-08-20' - INTERVAL FLOOR(RAND() * 1825) DAY, 'Julio César', 'Cipriano Barros', 'M', CURRENT_DATE - INTERVAL FLOOR(RAND() * 1825) DAY),
(9, '1994-08-20' - INTERVAL FLOOR(RAND() * 1825) DAY, 'Antelmo', 'Azahar Vázquez', 'M', CURRENT_DATE - INTERVAL FLOOR(RAND() * 1825) DAY),
(10, '1994-08-20' - INTERVAL FLOOR(RAND() * 1825) DAY, 'Sebastián', 'África Rojas', 'M', CURRENT_DATE - INTERVAL FLOOR(RAND() * 1825) DAY),
(11, '1994-08-20' - INTERVAL FLOOR(RAND() * 1825) DAY, 'Pepita', 'Severiano Cabrera', 'F', CURRENT_DATE - INTERVAL FLOOR(RAND() * 1825) DAY),
(12, '1994-08-20' - INTERVAL FLOOR(RAND() * 1825) DAY, 'Nayeli', 'Baldo Martinez', 'F', CURRENT_DATE - INTERVAL FLOOR(RAND() * 1825) DAY),
(13, '1994-08-20' - INTERVAL FLOOR(RAND() * 1825) DAY, 'Pilar', 'Máximo Blanco', 'F', CURRENT_DATE - INTERVAL FLOOR(RAND() * 1825) DAY),
(14, '1994-08-20' - INTERVAL FLOOR(RAND() * 1825) DAY, 'Jaime', 'Tatiana Gutiérrez', 'M', CURRENT_DATE - INTERVAL FLOOR(RAND() * 1825) DAY),
(15, '1994-08-20' - INTERVAL FLOOR(RAND() * 1825) DAY, 'Osvaldo', 'Alondra Benítez', 'M', CURRENT_DATE - INTERVAL FLOOR(RAND() * 1825) DAY),
(16, '1994-08-20' - INTERVAL FLOOR(RAND() * 1825) DAY, 'Marisol', 'San Antonio', 'F', CURRENT_DATE - INTERVAL FLOOR(RAND() * 1825) DAY),
(17, '1994-08-20' - INTERVAL FLOOR(RAND() * 1825) DAY, 'ZACARÍAS', 'De la rosa', 'M', CURRENT_DATE - INTERVAL FLOOR(RAND() * 1825) DAY);

---- Salaries table
---- With salaries that are between a range of 5,000 and 50,000 of different gender
---- 5 employees must have at least two salaries in different ranges of dates and different amounts
INSERT INTO salaries (emp_no, salary, from_date, to_date) VALUES
(1, RAND() * 45000 + 5000,'2010-08-20' - INTERVAL FLOOR(RAND() * 1825) DAY, CURRENT_DATE - INTERVAL FLOOR(RAND() * 1825) DAY),
(2, RAND() * 45000 + 5000,'2010-08-20' - INTERVAL FLOOR(RAND() * 1825) DAY, CURRENT_DATE - INTERVAL FLOOR(RAND() * 1825) DAY),
(3, RAND() * 45000 + 5000,'2010-08-20' - INTERVAL FLOOR(RAND() * 1825) DAY, CURRENT_DATE - INTERVAL FLOOR(RAND() * 1825) DAY),
(4, RAND() * 45000 + 5000,'2010-08-20' - INTERVAL FLOOR(RAND() * 1825) DAY, CURRENT_DATE - INTERVAL FLOOR(RAND() * 1825) DAY),
(5, RAND() * 45000 + 5000,'2010-08-20' - INTERVAL FLOOR(RAND() * 1825) DAY, CURRENT_DATE - INTERVAL FLOOR(RAND() * 1825) DAY),
(6, RAND() * 45000 + 5000,'2010-08-20' - INTERVAL FLOOR(RAND() * 1825) DAY, CURRENT_DATE - INTERVAL FLOOR(RAND() * 1825) DAY),
(7, RAND() * 45000 + 5000,'2010-08-20' - INTERVAL FLOOR(RAND() * 1825) DAY, CURRENT_DATE - INTERVAL FLOOR(RAND() * 1825) DAY),
(8, RAND() * 45000 + 5000,'2010-08-20' - INTERVAL FLOOR(RAND() * 1825) DAY, CURRENT_DATE - INTERVAL FLOOR(RAND() * 1825) DAY),
(9, RAND() * 45000 + 5000,'2010-08-20' - INTERVAL FLOOR(RAND() * 1825) DAY, CURRENT_DATE - INTERVAL FLOOR(RAND() * 1825) DAY),
(10, RAND() * 45000 + 5000,'2010-08-20' - INTERVAL FLOOR(RAND() * 1825) DAY, CURRENT_DATE - INTERVAL FLOOR(RAND() * 1825) DAY),
(11, RAND() * 45000 + 5000,'2010-08-20' - INTERVAL FLOOR(RAND() * 1825) DAY, CURRENT_DATE - INTERVAL FLOOR(RAND() * 1825) DAY),
(12, RAND() * 45000 + 5000,'2010-08-20' - INTERVAL FLOOR(RAND() * 1825) DAY, CURRENT_DATE - INTERVAL FLOOR(RAND() * 1825) DAY),
(13, RAND() * 45000 + 5000,'2010-08-20' - INTERVAL FLOOR(RAND() * 1825) DAY, CURRENT_DATE - INTERVAL FLOOR(RAND() * 1825) DAY),
(14, RAND() * 45000 + 5000,'2010-08-20' - INTERVAL FLOOR(RAND() * 1825) DAY, CURRENT_DATE - INTERVAL FLOOR(RAND() * 1825) DAY),
(15, RAND() * 45000 + 5000,'2010-08-20' - INTERVAL FLOOR(RAND() * 1825) DAY, CURRENT_DATE - INTERVAL FLOOR(RAND() * 1825) DAY),
(16, RAND() * 45000 + 5000,'2010-08-20' - INTERVAL FLOOR(RAND() * 1825) DAY, CURRENT_DATE - INTERVAL FLOOR(RAND() * 1825) DAY),
(17, RAND() * 45000 + 5000,'2010-08-20' - INTERVAL FLOOR(RAND() * 1825) DAY, CURRENT_DATE - INTERVAL FLOOR(RAND() * 1825) DAY);

---- departments table
INSERT INTO departments (dept_no, dept_name) VALUES
(1, 'Production'),
(2, 'Finance'),
(3, 'Management'),
(4, 'R&D'),
(5, 'Marketing');

---- dept_manager table
---- 5 employees are managers
INSERT INTO dept_manager (dept_no, emp_no, from_date, to_date) VALUES
(3, 1, '2010-08-20' - INTERVAL FLOOR(RAND() * 1825) DAY, CURRENT_DATE - INTERVAL FLOOR(RAND() * 1825) DAY),
(3, 2, '2010-08-20' - INTERVAL FLOOR(RAND() * 1825) DAY, CURRENT_DATE - INTERVAL FLOOR(RAND() * 1825) DAY),
(3, 3, '2010-08-20' - INTERVAL FLOOR(RAND() * 1825) DAY, CURRENT_DATE - INTERVAL FLOOR(RAND() * 1825) DAY),
(3, 4, '2010-08-20' - INTERVAL FLOOR(RAND() * 1825) DAY, CURRENT_DATE - INTERVAL FLOOR(RAND() * 1825) DAY),
(3, 5, '2010-08-20' - INTERVAL FLOOR(RAND() * 1825) DAY, CURRENT_DATE - INTERVAL FLOOR(RAND() * 1825) DAY);

---- dept_emp table
---- 10 employees belong to more than one department
INSERT INTO dept_emp (dept_no, emp_no, from_date, to_date) VALUES
(1, 1, '2015-08-20' - INTERVAL FLOOR(RAND() * 700) DAY, CURRENT_DATE - INTERVAL FLOOR(RAND() * 150) DAY),
(2, 2, '2015-08-20' - INTERVAL FLOOR(RAND() * 700) DAY, CURRENT_DATE - INTERVAL FLOOR(RAND() * 150) DAY),
(3, 3, '2015-08-20' - INTERVAL FLOOR(RAND() * 700) DAY, CURRENT_DATE - INTERVAL FLOOR(RAND() * 150) DAY),
(4, 4, '2015-08-20' - INTERVAL FLOOR(RAND() * 700) DAY, CURRENT_DATE - INTERVAL FLOOR(RAND() * 150) DAY),
(5, 5, '2015-08-20' - INTERVAL FLOOR(RAND() * 700) DAY, CURRENT_DATE - INTERVAL FLOOR(RAND() * 150) DAY),
(1, 6, '2010-08-20' - INTERVAL FLOOR(RAND() * 1825) DAY, CURRENT_DATE - INTERVAL FLOOR(RAND() * 1825) DAY),
(2, 7, '2010-08-20' - INTERVAL FLOOR(RAND() * 1825) DAY, CURRENT_DATE - INTERVAL FLOOR(RAND() * 1825) DAY),
(3, 8, '2010-08-20' - INTERVAL FLOOR(RAND() * 1825) DAY, CURRENT_DATE - INTERVAL FLOOR(RAND() * 1825) DAY),
(4, 9, '2010-08-20' - INTERVAL FLOOR(RAND() * 1825) DAY, CURRENT_DATE - INTERVAL FLOOR(RAND() * 1825) DAY),
(5, 10, '2010-08-20' - INTERVAL FLOOR(RAND() * 1825) DAY, CURRENT_DATE - INTERVAL FLOOR(RAND() * 1825) DAY),
(1, 11, '2010-08-20' - INTERVAL FLOOR(RAND() * 1825) DAY, CURRENT_DATE - INTERVAL FLOOR(RAND() * 1825) DAY),
(2, 12, '2010-08-20' - INTERVAL FLOOR(RAND() * 1825) DAY, CURRENT_DATE - INTERVAL FLOOR(RAND() * 1825) DAY),
(3, 13, '2010-08-20' - INTERVAL FLOOR(RAND() * 1825) DAY, CURRENT_DATE - INTERVAL FLOOR(RAND() * 1825) DAY),
(4, 14, '2010-08-20' - INTERVAL FLOOR(RAND() * 1825) DAY, CURRENT_DATE - INTERVAL FLOOR(RAND() * 1825) DAY),
(5, 15, '2010-08-20' - INTERVAL FLOOR(RAND() * 1825) DAY, CURRENT_DATE - INTERVAL FLOOR(RAND() * 1825) DAY),
(1, 16, '2010-08-20' - INTERVAL FLOOR(RAND() * 1825) DAY, CURRENT_DATE - INTERVAL FLOOR(RAND() * 1825) DAY),
(1, 17, '2020-08-20' - INTERVAL FLOOR(RAND() * 150) DAY, CURRENT_DATE - INTERVAL FLOOR(RAND() * 150) DAY),
(3, 17, '2010-08-20' - INTERVAL FLOOR(RAND() * 150) DAY, CURRENT_DATE - INTERVAL FLOOR(RAND() * 150) DAY);

---- titles table
---- All employees have a degree and at least 5 titles are from 2020
INSERT INTO titles (emp_no, title, from_date, to_date) VALUES
(1, 'degree',  '2020-08-20' - INTERVAL FLOOR(RAND() * 120)  DAY, CURRENT_DATE - INTERVAL FLOOR(RAND() * 20)   DAY),
(2, 'degree',  '2020-08-20' - INTERVAL FLOOR(RAND() * 120)  DAY, CURRENT_DATE - INTERVAL FLOOR(RAND() * 20)   DAY),
(3, 'degree',  '2020-08-20' - INTERVAL FLOOR(RAND() * 120)  DAY, CURRENT_DATE - INTERVAL FLOOR(RAND() * 20)   DAY),
(4, 'degree',  '2020-08-20' - INTERVAL FLOOR(RAND() * 120)  DAY, CURRENT_DATE - INTERVAL FLOOR(RAND() * 20)   DAY),
(5, 'degree',  '2020-08-20' - INTERVAL FLOOR(RAND() * 120)  DAY, CURRENT_DATE - INTERVAL FLOOR(RAND() * 20)   DAY),
(6, 'degree',  '2015-08-20' - INTERVAL FLOOR(RAND() * 1825) DAY, CURRENT_DATE - INTERVAL FLOOR(RAND() * 1500) DAY),
(7, 'degree',  '2015-08-20' - INTERVAL FLOOR(RAND() * 1825) DAY, CURRENT_DATE - INTERVAL FLOOR(RAND() * 1500) DAY),
(8, 'degree',  '2015-08-20' - INTERVAL FLOOR(RAND() * 1825) DAY, CURRENT_DATE - INTERVAL FLOOR(RAND() * 1500) DAY),
(9, 'degree',  '2015-08-20' - INTERVAL FLOOR(RAND() * 1825) DAY, CURRENT_DATE - INTERVAL FLOOR(RAND() * 1500) DAY),
(10, 'degree',  '2015-08-20' - INTERVAL FLOOR(RAND() * 1825) DAY, CURRENT_DATE - INTERVAL FLOOR(RAND() * 1500) DAY),
(11, 'degree',  '2015-08-20' - INTERVAL FLOOR(RAND() * 1825) DAY, CURRENT_DATE - INTERVAL FLOOR(RAND() * 1500) DAY),
(12, 'degree',  '2015-08-20' - INTERVAL FLOOR(RAND() * 1825) DAY, CURRENT_DATE - INTERVAL FLOOR(RAND() * 1500) DAY),
(13, 'degree',  '2015-08-20' - INTERVAL FLOOR(RAND() * 1825) DAY, CURRENT_DATE - INTERVAL FLOOR(RAND() * 1500) DAY),
(14, 'degree',  '2015-08-20' - INTERVAL FLOOR(RAND() * 1825) DAY, CURRENT_DATE - INTERVAL FLOOR(RAND() * 1500) DAY),
(15, 'degree',  '2015-08-20' - INTERVAL FLOOR(RAND() * 1825) DAY, CURRENT_DATE - INTERVAL FLOOR(RAND() * 1500) DAY),
(16, 'degree',  '2015-08-20' - INTERVAL FLOOR(RAND() * 1825) DAY, CURRENT_DATE - INTERVAL FLOOR(RAND() * 1500) DAY),
(17, 'degree',  '2019-02-20' - INTERVAL FLOOR(RAND() * 30) DAY, '2019-09-20' - INTERVAL FLOOR(RAND() * 30) DAY);